Name,Platform,Year,Genre,Publisher,NA_Sales,EU_Sales,JP_Sales,Other_Sales,Global_Sales
Rodea the Sky Soldier,WiiU,2015,Action,Nippon Ichi Software,0.08,0.02,0.01,0.01,0.12
Assassin's Creed Chronicles,PS4,2016,Action,Ubisoft,0.01,0.05,0.01,0.01,0.08
Metal Gear Solid V: Ground Zeroes,X360,2014,Action,Konami Digital Entertainment,0.07,0.06,0.01,0.01,0.15
LEGO Marvel's Avengers,3DS,2016,Action,Warner Bros. Interactive Entertainment,0.07,0.08,0.01,0.01,0.18
Arslan: The Warriors of Legend,PS4,2015,Action,Tecmo Koei,0.02,0.01,0.04,0.01,0.08
Gravity Rush Remastered,PS4,2015,Action,Sony Computer Entertainment,0.02,0.05,0.04,0.01,0.13
LEGO Ninjago: Shadow of Ronin,3DS,2015,Action,Warner Bros. Interactive Entertainment,0.05,0.1,0.04,0.01,0.21
Samurai Warriors 4: Empires,PS4,2015,Action,Tecmo Koei,0.02,0.01,0.05,0.01,0.09
MegaTagmension Blanc + Neptune VS Zombies,PSV,2015,Action,Idea Factory International,0.02,0.03,0.05,0.01,0.12
Deception IV: Blood Ties,PS3,2014,Action,Tecmo Koei,0.02,0.02,0.06,0.01,0.12
Samurai Warriors 4-II,PS4,2015,Action,Tecmo Koei,0.03,0.02,0.06,0.01,0.11
Resident Evil: Revelations 2,PSV,2015,Action,Capcom,0.01,0.05,0.06,0.01,0.13
Senran Kagura 2: Deep Crimson,3DS,2014,Action,Marvelous Entertainment,0.09,0.03,0.08,0.01,0.21
Mario & Sonic at the Rio 2016 Olympic Games,WiiU,2016,Action,Nintendo,0.03,0.11,0.1,0.01,0.26
Mario & Sonic at the Rio 2016 Olympic Games,3DS,2016,Action,Nintendo,0.04,0.16,0.24,0.01,0.46
Transformer: Rise of the Dark Spark,PS3,2014,Action,Activision,0.04,0.05,0.01,0.02,0.13
Assassin's Creed Chronicles,PSV,2016,Action,Ubisoft,0.02,0.06,0.01,0.02,0.12
Dead Island Definitive Collection,PS4,2016,Action,Deep Silver,0.02,0.07,0.01,0.02,0.12
BlazBlue: Chrono Phantasma Extend,PS4,2015,Action,PQube,0.07,0.03,0.02,0.02,0.14
Murdered: Soul Suspect,PS3,2014,Action,Square Enix,0.05,0.06,0.02,0.02,0.15
Toukiden Kiwami,PS4,2015,Action,Tecmo Koei,0.05,0.07,0.02,0.02,0.17
Bladestorm: Nightmare,PS4,2015,Action,Tecmo Koei,0.07,0.04,0.03,0.02,0.16
Dynasty Warriors 8: Empires,PS4,2014,Action,Tecmo Koei,0.06,0.07,0.03,0.02,0.18
Earth Defense Force 2: Invaders from Planet Space,PSV,2014,Action,Xseed Games,0.04,0.01,0.04,0.02,0.11
Warriors Orochi 3,PS4,2014,Action,Tecmo Koei,0.04,0.05,0.04,0.02,0.15
Deception IV: Blood Ties,PSV,2014,Action,Tecmo Koei,0.03,0.03,0.07,0.02,0.14
Attack on Titan (KOEI),PS4,2016,Action,Tecmo Koei,0.02,0.06,0.11,0.02,0.2
Godzilla (2015),PS4,2014,Action,Namco Bandai Games,0.1,0.03,0.02,0.03,0.18
One Piece: Unlimited World Red,PSV,2014,Action,Namco Bandai Games,0.06,0.04,0.04,0.03,0.17
Hyperdimension Neptunia U: Action Unleashed,PSV,2014,Action,Idea Factory International,0.07,0.02,0.06,0.03,0.17
Samurai Warriors 4,PS4,2014,Action,Tecmo Koei,0.08,0.07,0.06,0.03,0.24
Senran Kagura: Estival Versus,PSV,2015,Action,Marvelous Interactive,0.06,0.05,0.09,0.03,0.23
Hyrule Warriors,3DS,2016,Action,Nintendo,0.16,0.12,0.11,0.03,0.42
Resident Evil: Revelations 2,PS3,2015,Action,Capcom,0.06,0.08,0.16,0.03,0.32
Toukiden Kiwami,PSV,2014,Action,Tecmo Koei,0.05,0.05,0.17,0.03,0.3
Transformer: Rise of the Dark Spark,PS4,2014,Action,Activision,0.07,0.1,0.01,0.04,0.21
Quantum Break,XOne,2016,Action,Microsoft Game Studios,0.27,0.19,0.01,0.04,0.51
The Evil Within,X360,2014,Action,Bethesda Softworks,0.25,0.2,0.01,0.04,0.5
Castlevania: Lords of Shadow 2,PS3,2014,Action,Konami Digital Entertainment,0.03,0.13,0.02,0.04,0.22
LEGO Jurassic World,WiiU,2015,Action,Warner Bros. Interactive Entertainment,0.28,0.19,0.02,0.04,0.53
Onechanbara Z2: Chaos,PS4,2014,Action,Nippon Ichi Software,0.13,0.02,0.04,0.04,0.24
Dynasty Warriors 8: Xtreme Legends,PS4,2014,Action,Tecmo Koei,0.09,0.11,0.06,0.04,0.3
Danganronpa Another Episode: Ultra Despair Girls,PSV,2014,Action,Nippon Ichi Software,0.1,0.03,0.12,0.04,0.28
Soul Sacrifice Delta,PSV,2014,Action,Sony Computer Entertainment,0.01,0.12,0.12,0.04,0.29
Kirby: Planet Robobot,3DS,2016,Action,Nintendo,0.26,0.1,0.44,0.04,0.85
Monster Hunter X,3DS,2015,Action,Capcom,0.25,0.19,2.78,0.04,3.26
The Amazing Spider-Man 2 (2014),PS3,2014,Action,Activision,0.06,0.16,0.02,0.05,0.29
Murdered: Soul Suspect,PS4,2014,Action,Square Enix,0.09,0.16,0.02,0.05,0.32
LEGO Jurassic World,3DS,2015,Action,Warner Bros. Interactive Entertainment,0.31,0.22,0.03,0.05,0.6
Resident Evil Zero,PS4,2016,Action,Capcom,0.09,0.17,0.05,0.05,0.36
The LEGO Movie Videogame,3DS,2014,Action,Warner Bros. Interactive Entertainment,0.28,0.31,0.05,0.05,0.69
One Piece: Unlimited World Red,PS3,2014,Action,Namco Bandai Games,0.09,0.12,0.06,0.05,0.3
One Piece: Pirate Warriors 3,PS4,2015,Action,Namco Bandai Games,0.08,0.22,0.1,0.05,0.45
Metal Gear Solid V: The Phantom Pain,XOne,2015,Action,Konami Digital Entertainment,0.37,0.26,0.01,0.06,0.71
Dishonored,PS4,2015,Action,Bethesda Softworks,0.11,0.18,0.02,0.06,0.37
Wolfenstein: The Old Blood,PS4,2015,Action,Bethesda Softworks,0.09,0.25,0.02,0.06,0.42
Saints Row IV,PS4,2015,Action,Deep Silver,0.13,0.17,0.03,0.06,0.38
The LEGO Movie Videogame,WiiU,2014,Action,Warner Bros. Interactive Entertainment,0.35,0.23,0.03,0.06,0.66
Metal Gear Solid V: Ground Zeroes,PS3,2014,Action,Konami Digital Entertainment,0.14,0.14,0.27,0.06,0.62
Dragon Quest Heroes: The World's Tree Woe and the Blight Below,PS4,2015,Action,Square Enix,0.16,0.13,0.37,0.06,0.71
God of War Collection,PSV,2014,Action,Sony Computer Entertainment,0.14,0.1,0.01,0.07,0.33
Dying Light,XOne,2015,Action,Warner Bros. Interactive Entertainment,0.43,0.3,0.01,0.07,0.81
Resident Evil: Revelations 2,PS4,2015,Action,Capcom,0.13,0.24,0.1,0.07,0.54
Thief (2014),PS3,2014,Action,Square Enix,0.1,0.2,0.02,0.08,0.4
The Legend of Zelda: Twilight Princess HD,WiiU,2016,Action,Nintendo,0.48,0.3,0.08,0.08,0.94
The Legend of Zelda: Tri Force Heroes,3DS,2015,Action,Nintendo,0.52,0.33,0.17,0.08,1.1
Metal Gear Solid V: The Phantom Pain,PS3,2015,Action,Konami Digital Entertainment,0.21,0.18,0.22,0.08,0.7
The Amazing Spider-Man 2 (2014),PS4,2014,Action,Activision,0.2,0.25,0.02,0.09,0.55
God of War III,PS4,2015,Action,Sony Computer Entertainment,0.23,0.29,0.01,0.1,0.63
Middle-Earth: Shadow of Mordor,PS3,2014,Action,Warner Bros. Interactive Entertainment,0.2,0.33,0.01,0.1,0.64
Middle-Earth: Shadow of Mordor,XOne,2014,Action,Warner Bros. Interactive Entertainment,0.72,0.5,0.01,0.1,1.32
Hyrule Warriors,WiiU,2014,Action,Nintendo,0.61,0.42,0.13,0.1,1.26
The LEGO Movie Videogame,PS4,2014,Action,Warner Bros. Interactive Entertainment,0.24,0.31,0.01,0.11,0.67
Watch Dogs,X360,2014,Action,Ubisoft,0.72,0.45,0.01,0.11,1.28
Metro: Last Light,PS4,2014,Action,Deep Silver,0.22,0.3,0.04,0.12,0.68
LEGO Jurassic World,PS4,2015,Action,Warner Bros. Interactive Entertainment,0.32,0.42,0.01,0.14,0.89
The Evil Within,PS3,2014,Action,Bethesda Softworks,0.26,0.39,0.12,0.14,0.92
Thief (2014),PS4,2014,Action,Square Enix,0.28,0.37,0.03,0.16,0.84
Mad Max (2015),PS4,2015,Action,Warner Bros. Interactive Entertainment,0.32,0.58,0.04,0.17,1.11
The Legend of Zelda: Majora's Mask 3D,3DS,2015,Action,Nintendo,1.14,0.54,0.47,0.17,2.32
The LEGO Movie Videogame,PS3,2014,Action,Warner Bros. Interactive Entertainment,0.33,0.48,0.02,0.18,1.01
Metal Gear Solid V: Ground Zeroes,PS4,2014,Action,Konami Digital Entertainment,0.45,0.46,0.17,0.2,1.28
Assassin's Creed: Rogue,PS3,2014,Action,Ubisoft,0.46,0.62,0.06,0.23,1.37
Tomb Raider (2013),PS4,2014,Action,Square Enix,0.47,0.64,0.06,0.25,1.41
No Man's Sky,PS4,2016,Action,Hello Games,0.58,0.74,0.02,0.26,1.6
Dying Light,PS4,2015,Action,Warner Bros. Interactive Entertainment,0.63,0.66,0.11,0.26,1.66
Just Cause 3,PS4,2015,Action,Square Enix,0.46,1.02,0.07,0.28,1.83
Bayonetta 2,WiiU,2014,Action,Nintendo,0.34,0.28,0.1,0.3,1.01
The Evil Within,PS4,2014,Action,Bethesda Softworks,0.55,0.84,0.11,0.31,1.81
Far Cry: Primal,PS4,2016,Action,Ubisoft,0.59,1.16,0.06,0.33,2.13
Bloodborne,PS4,2015,Action,Sony Computer Entertainment,1,0.76,0.26,0.36,2.38
Watch Dogs,PS3,2014,Action,Ubisoft,0.56,0.89,0.1,0.37,1.93
inFAMOUS: Second Son,PS4,2014,Action,Sony Computer Entertainment,1.27,0.97,0.07,0.47,2.78
Metal Gear Solid V: The Phantom Pain,PS4,2015,Action,Konami Digital Entertainment,1.08,1.35,0.48,0.47,3.38
Assassin's Creed Syndicate,PS4,2015,Action,Ubisoft,0.8,1.92,0.06,0.5,3.28
Middle-Earth: Shadow of Mordor,PS4,2014,Action,Warner Bros. Interactive Entertainment,1.01,1.41,0.05,0.53,2.99
Batman: Arkham Knight,PS4,2015,Action,Warner Bros. Interactive Entertainment,1.49,1.58,0.1,0.61,3.79
Assassin's Creed: Unity,PS4,2014,Action,Ubisoft,1.18,1.96,0.08,0.7,3.92
Uncharted: The Nathan Drake Collection,PS4,2015,Action,Sony Computer Entertainment,1.96,1.69,0.08,0.74,4.47
Watch Dogs,PS4,2014,Action,Ubisoft,1.4,1.86,0.11,0.77,4.14
The Last of Us,PS4,2014,Action,Sony Computer Entertainment,1.78,1.87,0.07,0.82,4.55
Grand Theft Auto V,PS4,2014,Action,Take-Two Interactive,3.8,5.81,0.36,2.02,11.98
Dead or Alive 5,XOne,2015,Fighting,Tecmo Koei,0.04,0.03,0.01,0.01,0.08
Guilty Gear Xrd -Revelator-,PS3,2016,Fighting,PQube,0.01,0.02,0.02,0.01,0.07
The King of Fighters XIV,PS4,2016,Fighting,Deep Silver,0.04,0.01,0.03,0.01,0.09
Under Night In-Birth,PS3,2014,Fighting,Nippon Ichi Software,0.06,0.02,0.04,0.02,0.13
Dragon Ball Z: Extreme Butoden,3DS,2015,Fighting,Namco Bandai Games,0.12,0.03,0.16,0.02,0.33
J Stars Victory Vs.,PS3,2014,Fighting,Namco Bandai Games,0.04,0.06,0.2,0.02,0.32
One Piece: Burning Blood,PS4,2016,Fighting,Namco Bandai Games,0.1,0.08,0.07,0.04,0.28
Dead or Alive 5,PS4,2015,Fighting,Tecmo Koei,0.09,0.13,0.08,0.04,0.33
Dragon Ball Z: Battle of Z,PS3,2014,Fighting,Namco Bandai Games,0.1,0.11,0.06,0.05,0.33
Dragon Ball: XenoVerse,PS3,2015,Fighting,Namco Bandai Games,0.15,0.2,0.14,0.07,0.55
Pokken Tournament,WiiU,2016,Fighting,Namco Bandai Games,0.47,0.22,0.16,0.07,0.93
Naruto Shippuden: Ultimate Ninja Storm Revolution,PS3,2014,Fighting,Namco Bandai Games,0.15,0.16,0.09,0.08,0.47
Street Fighter V,PS4,2016,Fighting,Capcom,0.35,0.26,0.08,0.13,0.82
Dragon Ball: XenoVerse,PS4,2015,Fighting,Namco Bandai Games,0.3,0.48,0.12,0.15,1.05
Naruto Shippuden: Ultimate Ninja Storm 4,PS4,2016,Fighting,Namco Bandai Games,0.39,0.41,0.1,0.16,1.06
Super Smash Bros. for Wii U and 3DS,3DS,2014,Fighting,Nintendo,3.24,1.35,2.42,0.43,7.45
Super Smash Bros. for Wii U and 3DS,WiiU,2014,Fighting,Nintendo,2.59,1.06,0.8,0.57,5.02
Hatsune Miku: Project Mirai DX,3DS,2015,Misc,Sega,0.15,0.04,0.1,0.02,0.31
Theatrhythm Final Fantasy: Curtain Call,3DS,2014,Misc,Square Enix,0.13,0.08,0.15,0.02,0.37
Animal Crossing: Amiibo Festival,WiiU,2015,Misc,Nintendo,0.19,0.11,0.09,0.03,0.42
Hatsune Miku: Project Diva F 2nd,PS3,2014,Misc,Sega,0.09,0.04,0.1,0.03,0.25
Minecraft,WiiU,2016,Misc,Microsoft Game Studios,0.18,0.09,0.14,0.03,0.43
Pokemon Art Academy,3DS,2014,Misc,Nintendo,0.18,0.12,0.16,0.03,0.49
Nintendo Presents: New Style Boutique 2 - Fashion Forward,3DS,2015,Misc,Nintendo,0.01,0.61,0.02,0.04,0.69
Hatsune Miku: Project Diva F 2nd,PSV,2014,Misc,Sega,0.13,0.06,0.16,0.06,0.4
Rare Replay,XOne,2015,Misc,Microsoft Game Studios,0.47,0.21,0.01,0.07,0.75
Persona 4: Dancing All Night,PSV,2015,Misc,Nippon Ichi Software,0.13,0.1,0.15,0.07,0.46
Mario Party 10,WiiU,2015,Misc,Nintendo,0.69,0.5,0.24,0.11,1.55
Minecraft,PSV,2014,Misc,Sony Computer Entertainment Europe,0.28,0.79,0.87,0.32,2.25
Minecraft,PS4,2014,Misc,Sony Computer Entertainment Europe,1.38,1.87,0.12,0.65,4.02
Shovel Knight,3DS,2015,Platform,Yacht Club Games,0.07,0.04,0.01,0.01,0.13
Chibi-Robo! Zip Lash,3DS,2015,Platform,Nintendo,0.09,0.08,0.06,0.02,0.24
Kirby and the Rainbow Curse,WiiU,2015,Platform,Nintendo,0.23,0.14,0.12,0.04,0.53
Mirror's Edge Catalyst,PS4,2016,Platform,Electronic Arts,0.1,0.14,0.02,0.06,0.32
Yoshi's New Island,3DS,2014,Platform,Nintendo,0.47,0.51,0.28,0.09,1.36
Kirby: Triple Deluxe,3DS,2014,Platform,Nintendo,0.61,0.34,0.79,0.09,1.82
Yoshi's Woolly World,WiiU,2015,Platform,Nintendo,0.61,0.47,0.11,0.1,1.29
LittleBigPlanet 3,PS3,2014,Platform,Sony Computer Entertainment,0.2,0.43,0.01,0.11,0.75
Donkey Kong Country: Tropical Freeze,WiiU,2014,Platform,Nintendo,0.73,0.52,0.15,0.12,1.52
Ratchet & Clank (2016),PS4,2016,Platform,Sony Computer Entertainment,0.32,0.64,0.04,0.18,1.17
Super Mario Maker,WiiU,2015,Platform,Nintendo,1.18,0.87,0.93,0.2,3.18
LittleBigPlanet 3,PS4,2014,Platform,Sony Computer Entertainment,0.64,0.92,0.01,0.29,1.86
Ride,PS4,2015,Racing,Milestone S.r.l.,0.03,0.13,0.03,0.03,0.22
GRID Autosport,PS3,2014,Racing,Codemasters,0.05,0.11,0.01,0.04,0.21
F1 2016 (Codemasters),PS4,2016,Racing,Codemasters,0.01,0.21,0.01,0.04,0.27
Trials Fusion,PS4,2014,Racing,Ubisoft,0.13,0.21,0.01,0.08,0.43
F1 2014,PS3,2014,Racing,Codemasters,0.07,0.31,0.02,0.08,0.49
Forza Horizon 2,XOne,2014,Racing,Microsoft Game Studios,0.5,0.78,0.01,0.09,1.37
F1 2015,PS4,2015,Racing,Codemasters,0.09,0.44,0.03,0.09,0.66
Forza Motorsport 6,XOne,2015,Racing,Microsoft Game Studios,0.69,0.89,0.03,0.14,1.74
Project CARS,PS4,2015,Racing,Slightly Mad Studios,0.17,0.69,0.02,0.15,1.04
The Crew,PS4,2014,Racing,Ubisoft,0.34,1.08,0.03,0.26,1.7
DriveClub,PS4,2014,Racing,Sony Computer Entertainment,0.35,1.31,0.02,0.33,2
Need for Speed (2015),PS4,2015,Racing,Electronic Arts,0.49,1.49,0.05,0.36,2.39
Mario Kart 8,WiiU,2014,Racing,Nintendo,3.13,2.07,1.27,0.49,6.96
Natural Doctrine,PS3,2014,Role-Playing,Nippon Ichi Software,0.03,0.01,0.01,0.01,0.05
Natural Doctrine,PS4,2014,Role-Playing,Nippon Ichi Software,0.05,0.02,0.02,0.01,0.1
Odin Sphere: Leifthrasir,PS3,2016,Role-Playing,Nippon Ichi Software,0.01,0.02,0.03,0.01,0.06
Natural Doctrine,PSV,2014,Role-Playing,Nippon Ichi Software,0.03,0.02,0.03,0.01,0.08
Grand Kingdom,PSV,2015,Role-Playing,Nippon Ichi Software,0.01,0.02,0.04,0.01,0.07
The Witch and the Hundred Knight,PS4,2015,Role-Playing,Nippon Ichi Software,0.02,0.01,0.05,0.01,0.08
Atelier Sophie: The Alchemist of the Mysterious Book,PS4,2015,Role-Playing,Tecmo Koei,0.01,0.02,0.06,0.01,0.1
Makai Shin Trillion,PSV,2014,Role-Playing,Idea Factory,0.02,0.02,0.06,0.01,0.12
Shin Megami Tensei x Fire Emblem,WiiU,2015,Role-Playing,Nintendo,0.1,0.04,0.06,0.01,0.22
Project X Zone 2: Brave New World,3DS,2015,Role-Playing,Namco Bandai Games,0.04,0.04,0.08,0.01,0.17
The Legend of Legacy,3DS,2015,Role-Playing,FuRyu,0.11,0.02,0.1,0.01,0.25
Etrian Mystery Dungeon,3DS,2015,Role-Playing,Nippon Ichi Software,0.09,0.01,0.12,0.01,0.23
Fossil Fighters: Frontier,3DS,2014,Role-Playing,Nintendo,0.08,0.04,0.23,0.01,0.35
Tokyo Twilight Ghost Hunters,PSV,2014,Role-Playing,Aksys Games,0.06,0.01,0.02,0.02,0.12
Sacred 3,PS3,2014,Role-Playing,Deep Silver,0.03,0.05,0.02,0.02,0.12
Stella Glow,3DS,2015,Role-Playing,Atlus,0.16,0.01,0.05,0.02,0.24
Valkyria Chronicles,PS4,2016,Role-Playing,Sega,0.06,0.04,0.05,0.02,0.17
Operation Abyss: New Tokyo Legacy,PSV,2014,Role-Playing,Nippon Ichi Software,0.04,0.01,0.06,0.02,0.13
Ar Nosurge: Ode to an Unborn Star,PS3,2014,Role-Playing,Tecmo Koei,0.05,0.04,0.06,0.02,0.16
Odin Sphere: Leifthrasir,PS4,2016,Role-Playing,Nippon Ichi Software,0.06,0.03,0.07,0.02,0.18
Odin Sphere: Leifthrasir,PSV,2016,Role-Playing,Nippon Ichi Software,0.02,0.03,0.08,0.02,0.15
Disgaea 4: A Promise Unforgotten,PSV,2014,Role-Playing,Nippon Ichi Software,0.04,0.04,0.08,0.02,0.18
Atelier Shallie: Alchemists of the Dusk Sea,PS3,2014,Role-Playing,Tecmo Koei,0.06,0.05,0.08,0.02,0.2
Star Ocean 5: Integrity and Faithlessness,PS4,2016,Role-Playing,Square Enix,0.06,0.07,0.14,0.02,0.3
Final Fantasy Explorers,3DS,2014,Role-Playing,Square Enix,0.15,0.07,0.28,0.02,0.52
Lost Dimension,PSV,2014,Role-Playing,Nippon Ichi Software,0.07,0.03,0.02,0.03,0.14
Dungeon Travelers 2: The Royal Library & The Monster Seal,PSV,2014,Role-Playing,Atlus,0.07,0.03,0.05,0.03,0.18
Hyperdevotion Noire: Goddess Black Heart,PSV,2014,Role-Playing,Idea Factory,0.08,0.02,0.06,0.03,0.19
Bravely Second: End Layer,3DS,2015,Role-Playing,Nintendo,0.16,0.11,0.18,0.03,0.47
Tales of Zestiria,PS3,2015,Role-Playing,Namco Bandai Games,0.05,0.09,0.42,0.03,0.59
Fable,X360,2014,Role-Playing,Microsoft Game Studios,0.25,0.19,0.01,0.04,0.48
Divinity: Original Sin,PS4,2015,Role-Playing,Focus Home Interactive,0.09,0.12,0.02,0.04,0.27
Disgaea 5: Alliance of Vengeance,PS4,2015,Role-Playing,Nippon Ichi Software,0.1,0.08,0.06,0.04,0.27
Xenoblade Chronicles,3DS,2015,Role-Playing,Nintendo,0.26,0.14,0.12,0.04,0.56
Mario & Luigi: Paper Jam,3DS,2015,Role-Playing,Nintendo,0.16,0.3,0.25,0.04,0.74
Persona Q: Shadow of the Labyrinth,3DS,2014,Role-Playing,Nippon Ichi Software,0.33,0.07,0.27,0.04,0.71
Sword Art Online: Lost Song,PSV,2015,Role-Playing,Namco Bandai Games,0.08,0.1,0.23,0.05,0.46
Dark Souls II,X360,2014,Role-Playing,Namco Bandai Games,0.48,0.2,0.01,0.06,0.76
Tales of Zestiria,PS4,2015,Role-Playing,Namco Bandai Games,0.16,0.15,0.02,0.06,0.38
Xenoblade Chronicles X,WiiU,2015,Role-Playing,Nintendo,0.36,0.28,0.14,0.06,0.84
Dark Souls II,PS4,2015,Role-Playing,Namco Bandai Games,0.2,0.22,0.08,0.08,0.59
Pokemon Super Mystery Dungeon,3DS,2015,Role-Playing,Nintendo,0.46,0.31,0.33,0.08,1.19
Lords of the Fallen,PS4,2014,Role-Playing,Square Enix,0.17,0.23,0.02,0.09,0.51
Dragon Age: Inquisition,PS3,2014,Role-Playing,Electronic Arts,0.26,0.23,0.05,0.1,0.65
Final Fantasy XIV: A Realm Reborn,PS4,2014,Role-Playing,Square Enix,0.32,0.22,0.08,0.1,0.72
Freedom Wars,PSV,2014,Role-Playing,Sony Computer Entertainment,0.22,0.14,0.32,0.1,0.77
Fire Emblem Fates,3DS,2015,Role-Playing,Nintendo,0.71,0.22,0.52,0.1,1.54
Final Fantasy X/X-2 HD Remaster,PS4,2015,Role-Playing,Square Enix,0.29,0.25,0.06,0.11,0.71
Monster Hunter 4 Ultimate,3DS,2014,Role-Playing,Nintendo,0.67,0.49,2.62,0.11,3.89
Final Fantasy Type-0,PS4,2015,Role-Playing,Square Enix,0.37,0.32,0.15,0.14,0.97
Dark Souls II,PS3,2014,Role-Playing,Namco Bandai Games,0.4,0.36,0.4,0.17,1.32
Kingdom Hearts II,PS3,2014,Role-Playing,Square Enix,0.52,0.43,0.18,0.19,1.32
Dark Souls III,PS4,2016,Role-Playing,Namco Bandai Games,0.58,0.44,0.33,0.21,1.56
Diablo III,PS4,2014,Role-Playing,Activision,0.49,0.88,0.06,0.3,1.74
Dragon Age: Inquisition,PS4,2014,Role-Playing,Electronic Arts,0.72,0.86,0.08,0.32,1.97
Fallout 4,XOne,2015,Role-Playing,Bethesda Softworks,2.45,1.26,0.01,0.37,4.09
The Witcher 3: Wild Hunt,PS4,2015,Role-Playing,Namco Bandai Games,0.96,2,0.21,0.56,3.73
Pokemon Omega Ruby/Pokemon Alpha Sapphire,3DS,2014,Role-Playing,Nintendo,4.23,3.37,3.08,0.65,11.33
Fallout 4,PS4,2015,Role-Playing,Bethesda Softworks,2.47,3.15,0.24,1.1,6.96
BioShock The Collection,PS4,2016,Shooter,Take-Two Interactive,0.05,0.11,0.01,0.03,0.2
Star Fox: Zero,WiiU,2016,Shooter,Nintendo,0.16,0.1,0.07,0.03,0.35
Battleborn,PS4,2016,Shooter,Take-Two Interactive,0.09,0.08,0.01,0.04,0.22
Homefront: The Revolution,PS4,2016,Shooter,Deep Silver,0.05,0.19,0.03,0.04,0.31
Borderlands: The Pre-Sequel,X360,2014,Shooter,Take-Two Interactive,0.46,0.22,0.01,0.06,0.75
Destiny: The Taken King,PS3,2015,Shooter,Activision,0.16,0.17,0.02,0.06,0.41
Battlefield: Hardline,PS3,2015,Shooter,Electronic Arts,0.12,0.23,0.07,0.07,0.49
Wolfenstein: The New Order,PS3,2014,Shooter,Bethesda Softworks,0.14,0.25,0.02,0.09,0.51
Plants vs. Zombies: Garden Warfare,PS4,2014,Shooter,Electronic Arts,0.21,0.29,0.01,0.11,0.61
Battlefield: Hardline,XOne,2015,Shooter,Electronic Arts,0.72,0.37,0.01,0.11,1.2
Titanfall,X360,2014,Shooter,Electronic Arts,0.87,0.38,0.02,0.11,1.38
Borderlands: The Pre-Sequel,PS3,2014,Shooter,Take-Two Interactive,0.25,0.26,0.05,0.11,0.67
Far Cry 4,XOne,2014,Shooter,Ubisoft,0.79,0.68,0.01,0.13,1.61
Plants vs. Zombies: Garden Warfare,PS3,2014,Shooter,Electronic Arts,0.22,0.4,0.01,0.14,0.76
Borderlands: The Handsome Collection,PS4,2015,Shooter,Take-Two Interactive,0.36,0.32,0.03,0.14,0.84
Evolve,PS4,2015,Shooter,Take-Two Interactive,0.35,0.41,0.05,0.15,0.95
Borderlands 2,PSV,2014,Shooter,Take-Two Interactive,0.43,0.21,0.01,0.19,0.83
Alien: Isolation,PS4,2014,Shooter,Sega,0.34,0.56,0.04,0.19,1.13
Doom (2016),PS4,2016,Shooter,Bethesda Softworks,0.49,0.66,0.02,0.22,1.39
Titanfall,XOne,2014,Shooter,Electronic Arts,1.84,0.8,0.04,0.22,2.9
Far Cry 4,PS3,2014,Shooter,Ubisoft,0.33,0.79,0.08,0.23,1.44
Halo: The Master Chief Collection,XOne,2014,Shooter,Microsoft Game Studios,1.89,0.99,0.03,0.24,3.15
Overwatch,PS4,2016,Shooter,Activision,0.64,0.68,0.14,0.26,1.73
The Order: 1886,PS4,2015,Shooter,Sony Computer Entertainment,0.61,0.78,0.06,0.27,1.72
Call of Duty: Black Ops 3,PS3,2015,Shooter,Activision,0.49,0.96,0.07,0.27,1.79
Destiny,PS3,2014,Shooter,Activision,0.67,0.66,0.12,0.27,1.73
Wolfenstein: The New Order,PS4,2014,Shooter,Bethesda Softworks,0.47,0.8,0.03,0.29,1.58
Star Wars Battlefront (2015),XOne,2015,Shooter,Electronic Arts,1.94,1.22,0.02,0.31,3.49
Destiny: The Taken King,PS4,2015,Shooter,Activision,0.77,0.78,0.04,0.31,1.91
Tom Clancy's Rainbow Six: Siege,PS4,2015,Shooter,Ubisoft,0.54,1.16,0.13,0.32,2.15
Battlefield: Hardline,PS4,2015,Shooter,Electronic Arts,0.7,0.93,0.14,0.32,2.09
Call of Duty: Advanced Warfare,XOne,2014,Shooter,Activision,3.21,1.53,0.01,0.38,5.13
Halo 5: Guardians,XOne,2015,Shooter,Microsoft Game Studios,2.64,1.2,0.03,0.39,4.26
Splatoon,WiiU,2015,Shooter,Nintendo,1.55,1.15,1.44,0.43,4.57
Tom Clancy's The Division,PS4,2016,Shooter,Ubisoft,1.28,1.61,0.15,0.57,3.61
Uncharted 4: A Thief's End,PS4,2016,Shooter,Sony Computer Entertainment,1.3,2.07,0.18,0.65,4.2
Call of Duty: Black Ops 3,XOne,2015,Shooter,Activision,4.52,2.09,0.01,0.67,7.3
Far Cry 4,PS4,2014,Shooter,Ubisoft,1.12,2.12,0.1,0.69,4.03
Call of Duty: Advanced Warfare,PS3,2014,Shooter,Activision,1.54,1.94,0.19,0.77,4.45
Destiny,PS4,2014,Shooter,Activision,2.49,2.05,0.16,0.96,5.65
Star Wars Battlefront (2015),PS4,2015,Shooter,Electronic Arts,2.93,3.29,0.22,1.23,7.67
Call of Duty: Advanced Warfare,PS4,2014,Shooter,Activision,2.8,3.3,0.14,1.37,7.6
Call of Duty: Black Ops 3,PS4,2015,Shooter,Activision,5.77,5.81,0.35,2.31,14.24
Wii Sports Club,WiiU,2014,Sports,Nintendo,0.19,0.14,0.04,0.03,0.4
Pro Evolution Soccer 2017,PS4,2016,Sports,Konami Digital Entertainment,0.01,0.16,0.09,0.03,0.28
Mario Tennis Ultra Smash,WiiU,2015,Sports,Nintendo,0.13,0.16,0.13,0.03,0.45
Mario Golf: World Tour,3DS,2014,Sports,Nintendo,0.15,0.14,0.17,0.03,0.48
Kinect Sports Rivals,XOne,2014,Sports,Microsoft Game Studios,0.3,0.22,0.02,0.04,0.58
FIFA 17,PS3,2016,Sports,Electronic Arts,0.02,0.29,0.01,0.05,0.38
Pro Evolution Soccer 2016,PS3,2015,Sports,Konami Digital Entertainment,0.08,0.18,0.15,0.05,0.45
Pro Evolution Soccer 2015,PS3,2014,Sports,Konami Digital Entertainment,0.1,0.23,0.22,0.08,0.62
Pro Evolution Soccer 2016,PS4,2015,Sports,Konami Digital Entertainment,0.13,0.42,0.13,0.1,0.78
NBA 2K16,PS3,2015,Sports,Take-Two Interactive,0.44,0.19,0.03,0.13,0.8
Pro Evolution Soccer 2015,PS4,2014,Sports,Konami Digital Entertainment,0.09,0.43,0.11,0.13,0.76
2014 FIFA World Cup Brazil,PS3,2014,Sports,Electronic Arts,0.15,0.39,0.01,0.16,0.71
EA Sports UFC,PS4,2014,Sports,Electronic Arts,0.46,0.4,0.01,0.17,1.04
FIFA 15,PSV,2014,Sports,Electronic Arts,0.13,0.48,0.04,0.19,0.84
NBA 2K15,PS3,2014,Sports,Take-Two Interactive,0.86,0.27,0.02,0.22,1.36
NBA 2K15,PS4,2014,Sports,Take-Two Interactive,1.46,0.54,0.01,0.37,2.38
FIFA 16,PS3,2015,Sports,Electronic Arts,0.4,1.98,0.05,0.42,2.85
NBA 2K16,PS4,2015,Sports,Take-Two Interactive,2.48,0.65,0.03,0.69,3.85
FIFA 17,PS4,2016,Sports,Electronic Arts,0.28,3.75,0.06,0.69,4.77
FIFA 15,PS3,2014,Sports,Electronic Arts,0.57,3.14,0.04,1.07,4.82
FIFA 16,PS4,2015,Sports,Electronic Arts,1.11,6.06,0.06,1.26,8.49
FIFA 15,PS4,2014,Sports,Electronic Arts,0.79,4.29,0.05,1.47,6.59
